person_id,Race,Name,Email
0,white,Richard Brown,richardbrown@gmail.com
0,black,DeShawn Thomas,deshawnthomas@gmail.com
0,asian,Sun Zhang,sunzhang@gmail.com
0,hispanic,Enrique Reyes,enriquereyes@gmail.com
1,white,Margaret Brown,margaretbrown@gmail.com
1,black,Tamika Smith,tamikasmith@gmail.com
1,asian,Mei Park,meipark@gmail.com
1,hispanic,Viviana Morales,vivianamorales@gmail.com
2,white,Sarah Williams,sarahwilliams@gmail.com
2,black,Jasmine Lewis,jasminelewis@gmail.com
2,asian,Mina Choi,minachoi@gmail.com
2,hispanic,Andrea Torres,andreatorres@gmail.com
3,white,Sandra White,sandrawhite@gmail.com
3,black,Keisha Lewis,keishalewis@gmail.com
3,asian,Jia Wong,jiawong@gmail.com
3,hispanic,Carolina Cruz,carolinacruz@gmail.com
4,white,Margaret Garcia,margaretgarcia@gmail.com
4,black,Lashonda Brown,lashondabrown@gmail.com
4,asian,Mei Li,meili@gmail.com
4,hispanic,Valentina Perez,valentinaperez@gmail.com
5,white,Nancy Jackson,nancyjackson@gmail.com
5,black,Jasmine Harris,jasmineharris@gmail.com
5,asian,Aisha Chung,aishachung@gmail.com
5,hispanic,Viviana Rivera,vivianarivera@gmail.com
6,white,Sarah Garcia,sarahgarcia@gmail.com
6,black,Jasmine Davis,jasminedavis@gmail.com
6,asian,Li Huang,lihuang@gmail.com
6,hispanic,Valentina Sanchez,valentinasanchez@gmail.com
7,white,Richard Taylor,richardtaylor@gmail.com
7,black,Maurice Scott,mauricescott@gmail.com
7,asian,Tuan Kim,tuankim@gmail.com
7,hispanic,Mario Gonzalez,mariogonzalez@gmail.com
8,white,Lisa Brown,lisabrown@gmail.com
8,black,Shanice Taylor,shanicetaylor@gmail.com
8,asian,Kim Chen,kimchen@gmail.com
8,hispanic,Maria Lopez,marialopez@gmail.com
9,white,Emily Thomas,emilythomas@gmail.com
9,black,Raven King,ravenking@gmail.com
9,asian,Trang Tran,trangtran@gmail.com
9,hispanic,Paola Perez,paolaperez@gmail.com
10,white,Lisa Robinson,lisarobinson@gmail.com
10,black,Aaliyah Jackson,aaliyahjackson@gmail.com
10,asian,Li Li,lili@gmail.com
10,hispanic,Camila Sanchez,camilasanchez@gmail.com
11,white,Charles Wilson,charleswilson@gmail.com
11,black,Rashad Brown,rashadbrown@gmail.com
11,asian,Anh Kim,anhkim@gmail.com
11,hispanic,Enrique Rodriguez,enriquerodriguez@gmail.com
12,white,Jessica Miller,jessicamiller@gmail.com
12,black,Lashonda Moore,lashondamoore@gmail.com
12,asian,Sakura Lin,sakuralin@gmail.com
12,hispanic,Carolina Diaz,carolinadiaz@gmail.com
13,white,William Johnson,williamjohnson@gmail.com
13,black,Trevon Green,trevongreen@gmail.com
13,asian,Tuan Park,tuanpark@gmail.com
13,hispanic,Miguel Perez,miguelperez@gmail.com
14,white,Jessica Jackson,jessicajackson@gmail.com
14,black,Ayanna Moore,ayannamoore@gmail.com
14,asian,Wei Li,weili@gmail.com
14,hispanic,Ariana Ramirez,arianaramirez@gmail.com
15,white,Jessica Moore,jessicamoore@gmail.com
15,black,Tanisha Anderson,tanishaanderson@gmail.com
15,asian,An Lee,anlee@gmail.com
15,hispanic,Victoria Gutierrez,victoriagutierrez@gmail.com
16,white,David White,davidwhite@gmail.com
16,black,Darnell Davis,darnelldavis@gmail.com
16,asian,Hao Lee,haolee@gmail.com
16,hispanic,Pedro Ramos,pedroramos@gmail.com
17,white,Barbara Miller,barbaramiller@gmail.com
17,black,Nia Johnson,niajohnson@gmail.com
17,asian,Hana Kim,hanakim@gmail.com
17,hispanic,Valentina Lopez,valentinalopez@gmail.com
18,white,Betty Wilson,bettywilson@gmail.com
18,black,Shanice Jackson,shanicejackson@gmail.com
18,asian,Hana Chung,hanachung@gmail.com
18,hispanic,Sofia Sanchez,sofiasanchez@gmail.com
19,white,Christopher Davis,christopherdavis@gmail.com
19,black,Cedric Thomas,cedricthomas@gmail.com
19,asian,Hao Liu,haoliu@gmail.com
19,hispanic,Jose Perez,joseperez@gmail.com
20,white,Sarah Taylor,sarahtaylor@gmail.com
20,black,Lashonda Thompson,lashondathompson@gmail.com
20,asian,Mi Pham,mipham@gmail.com
20,hispanic,Lucia Reyes,luciareyes@gmail.com
21,white,Margaret White,margaretwhite@gmail.com
21,black,Zaria Lewis,zarialewis@gmail.com
21,asian,Hanh Choi,hanhchoi@gmail.com
21,hispanic,Daniela Reyes,danielareyes@gmail.com
22,white,Mary Smith,marysmith@gmail.com
22,black,Tiana Brown,tianabrown@gmail.com
22,asian,Sakura Park,sakurapark@gmail.com
22,hispanic,Carolina Ortiz,carolinaortiz@gmail.com
23,white,Kimberly Robinson,kimberlyrobinson@gmail.com
23,black,Ayanna Robinson,ayannarobinson@gmail.com
23,asian,Aisha Yang,aishayang@gmail.com
23,hispanic,Isabella Flores,isabellaflores@gmail.com
24,white,Margaret Thompson,margaretthompson@gmail.com
24,black,Kiana Brown,kianabrown@gmail.com
24,asian,Mei Wang,meiwang@gmail.com
24,hispanic,Ximena Flores,ximenaflores@gmail.com
25,white,Daniel Harris,danielharris@gmail.com
25,black,Andre Davis,andredavis@gmail.com
25,asian,Tran Choi,tranchoi@gmail.com
25,hispanic,Luis Gomez,luisgomez@gmail.com
26,white,Daniel Moore,danielmoore@gmail.com
26,black,Lamont Williams,lamontwilliams@gmail.com
26,asian,Chen Nguyen,chennguyen@gmail.com
26,hispanic,Jorge Sanchez,jorgesanchez@gmail.com
27,white,Emily Moore,emilymoore@gmail.com
27,black,Kiana Walker,kianawalker@gmail.com
27,asian,Mina Huang,minahuang@gmail.com
27,hispanic,Ximena Gonzalez,ximenagonzalez@gmail.com
28,white,Mark Wilson,markwilson@gmail.com
28,black,Terrence Anderson,terrenceanderson@gmail.com
28,asian,Jun Huang,junhuang@gmail.com
28,hispanic,Jorge Gutierrez,jorgegutierrez@gmail.com
29,white,Paul Martinez,paulmartinez@gmail.com
29,black,Terrence Walker,terrencewalker@gmail.com
29,asian,Tuan Park,tuanpark@gmail.com
29,hispanic,Diego Gomez,diegogomez@gmail.com
30,white,Matthew Martin,matthewmartin@gmail.com
30,black,Lamont White,lamontwhite@gmail.com
30,asian,Liu Shah,liushah@gmail.com
30,hispanic,Luis Diaz,luisdiaz@gmail.com
31,white,Jessica Moore,jessicamoore@gmail.com
31,black,Tiana Taylor,tianataylor@gmail.com
31,asian,Aisha Kim,aishakim@gmail.com
31,hispanic,Paola Flores,paolaflores@gmail.com
32,white,Donald Taylor,donaldtaylor@gmail.com
32,black,Tremayne Taylor,tremaynetaylor@gmail.com
32,asian,Jin Pham,jinpham@gmail.com
32,hispanic,Enrique Flores,enriqueflores@gmail.com
33,white,Mark Jones,markjones@gmail.com
33,black,Marquis Jackson,marquisjackson@gmail.com
33,asian,Anh Chen,anhchen@gmail.com
33,hispanic,Angel Cruz,angelcruz@gmail.com
34,white,William Jones,williamjones@gmail.com
34,black,Tremayne Robinson,tremaynerobinson@gmail.com
34,asian,Arjun Nguyen,arjunnguyen@gmail.com
34,hispanic,Julio Rivera,juliorivera@gmail.com
35,white,Charles Miller,charlesmiller@gmail.com
35,black,Rashad Thompson,rashadthompson@gmail.com
35,asian,Hao Chen,haochen@gmail.com
35,hispanic,Jorge Martinez,jorgemartinez@gmail.com
36,white,John Harris,johnharris@gmail.com
36,black,Terrence Robinson,terrencerobinson@gmail.com
36,asian,Chen Liu,chenliu@gmail.com
36,hispanic,Luis Lopez,luislopez@gmail.com
37,white,Barbara Martin,barbaramartin@gmail.com
37,black,Tanisha Scott,tanishascott@gmail.com
37,asian,Soo Choi,soochoi@gmail.com
37,hispanic,Daniela Torres,danielatorres@gmail.com
38,white,Linda Thomas,lindathomas@gmail.com
38,black,Monique Williams,moniquewilliams@gmail.com
38,asian,Mei Li,meili@gmail.com
38,hispanic,Daniela Gutierrez,danielagutierrez@gmail.com
39,white,James Martin,jamesmartin@gmail.com
39,black,Kareem King,kareemking@gmail.com
39,asian,Arjun Choi,arjunchoi@gmail.com
39,hispanic,Carlos Ramirez,carlosramirez@gmail.com
40,white,Susan Miller,susanmiller@gmail.com
40,black,Raven Jackson,ravenjackson@gmail.com
40,asian,Mina Tran,minatran@gmail.com
40,hispanic,Sofia Cruz,sofiacruz@gmail.com
41,white,Nancy Jackson,nancyjackson@gmail.com
41,black,Tanisha Scott,tanishascott@gmail.com
41,asian,Soo Chung,soochung@gmail.com
41,hispanic,Victoria Diaz,victoriadiaz@gmail.com
42,white,Lisa Harris,lisaharris@gmail.com
42,black,Zaria Johnson,zariajohnson@gmail.com
42,asian,Wei Choi,weichoi@gmail.com
42,hispanic,Martina Rivera,martinarivera@gmail.com
43,white,Lisa Jones,lisajones@gmail.com
43,black,Desiree Jones,desireejones@gmail.com
43,asian,Hanh Li,hanhli@gmail.com
43,hispanic,Fernanda Perez,fernandaperez@gmail.com
44,white,Donna Martinez,donnamartinez@gmail.com
44,black,Lashonda Harris,lashondaharris@gmail.com
44,asian,Wei Singh,weisingh@gmail.com
44,hispanic,Viviana Garcia,vivianagarcia@gmail.com
45,white,Margaret Brown,margaretbrown@gmail.com
45,black,Aaliyah Jones,aaliyahjones@gmail.com
45,asian,An Chung,anchung@gmail.com
45,hispanic,Ximena Hernandez,ximenahernandez@gmail.com
46,white,Christopher Robinson,christopherrobinson@gmail.com
46,black,Cedric Taylor,cedrictaylor@gmail.com
46,asian,Anh Wong,anhwong@gmail.com
46,hispanic,Miguel Hernandez,miguelhernandez@gmail.com
47,white,Andrew Thomas,andrewthomas@gmail.com
47,black,DeShawn Jackson,deshawnjackson@gmail.com
47,asian,Amit Li,amitli@gmail.com
47,hispanic,Enrique Gomez,enriquegomez@gmail.com
48,white,Donald Johnson,donaldjohnson@gmail.com
48,black,Malik Moore,malikmoore@gmail.com
48,asian,Ravi Nguyen,ravinguyen@gmail.com
48,hispanic,Roberto Ramirez,robertoramirez@gmail.com
49,white,Sarah Garcia,sarahgarcia@gmail.com
49,black,Kiara Thompson,kiarathompson@gmail.com
49,asian,Lina Lee,linalee@gmail.com
49,hispanic,Ariana Rivera,arianarivera@gmail.com
50,white,Nancy Martin,nancymartin@gmail.com
50,black,Zaria Brown,zariabrown@gmail.com
50,asian,Yuna Li,yunali@gmail.com
50,hispanic,Camila Hernandez,camilahernandez@gmail.com
51,white,Donna White,donnawhite@gmail.com
51,black,Jasmine Harris,jasmineharris@gmail.com
51,asian,Wei Singh,weisingh@gmail.com
51,hispanic,Carolina Ramirez,carolinaramirez@gmail.com
52,white,Michael Martin,michaelmartin@gmail.com
52,black,DeShawn Scott,deshawnscott@gmail.com
52,asian,Raj Tran,rajtran@gmail.com
52,hispanic,Roberto Perez,robertoperez@gmail.com
53,white,Michael Johnson,michaeljohnson@gmail.com
53,black,Maurice Jones,mauricejones@gmail.com
53,asian,Jin Li,jinli@gmail.com
53,hispanic,Mario Cruz,mariocruz@gmail.com
54,white,Joshua Garcia,joshuagarcia@gmail.com
54,black,Darius Lewis,dariuslewis@gmail.com
54,asian,Jin Tran,jintran@gmail.com
54,hispanic,Pedro Rivera,pedrorivera@gmail.com
55,white,Betty Davis,bettydavis@gmail.com
55,black,Nia Taylor,niataylor@gmail.com
55,asian,Hanh Chen,hanhchen@gmail.com
55,hispanic,Daniela Hernandez,danielahernandez@gmail.com
56,white,Paul Davis,pauldavis@gmail.com
56,black,Dante Jones,dantejones@gmail.com
56,asian,Chen Chen,chenchen@gmail.com
56,hispanic,Fernando Rodriguez,fernandorodriguez@gmail.com
57,white,Matthew Harris,matthewharris@gmail.com
57,black,Malik Walker,malikwalker@gmail.com
57,asian,Amit Lee,amitlee@gmail.com
57,hispanic,Ricardo Lopez,ricardolopez@gmail.com
58,white,Betty Smith,bettysmith@gmail.com
58,black,Imani King,imaniking@gmail.com
58,asian,An Shah,anshah@gmail.com
58,hispanic,Sofia Rodriguez,sofiarodriguez@gmail.com
59,white,Nancy Harris,nancyharris@gmail.com
59,black,Raven Williams,ravenwilliams@gmail.com
59,asian,Yuna Chung,yunachung@gmail.com
59,hispanic,Ariana Morales,arianamorales@gmail.com
60,white,Michelle Martinez,michellemartinez@gmail.com
60,black,Imani Moore,imanimoore@gmail.com
60,asian,Ying Chen,yingchen@gmail.com
60,hispanic,Sofia Flores,sofiaflores@gmail.com
61,white,Joshua Moore,joshuamoore@gmail.com
61,black,Lamont Thomas,lamontthomas@gmail.com
61,asian,Ravi Wong,raviwong@gmail.com
61,hispanic,Roberto Sanchez,robertosanchez@gmail.com
62,white,Mary Johnson,maryjohnson@gmail.com
62,black,Kiana Johnson,kianajohnson@gmail.com
62,asian,Sakura Yang,sakurayang@gmail.com
62,hispanic,Andrea Garcia,andreagarcia@gmail.com
63,white,Patricia Garcia,patriciagarcia@gmail.com
63,black,Aaliyah Williams,aaliyahwilliams@gmail.com
63,asian,Yuna Shah,yunashah@gmail.com
63,hispanic,Camila Gomez,camilagomez@gmail.com
64,white,Robert Martinez,robertmartinez@gmail.com
64,black,Leroy White,leroywhite@gmail.com
64,asian,Wei Li,weili@gmail.com
64,hispanic,Francisco Reyes,franciscoreyes@gmail.com
65,white,Charles Jackson,charlesjackson@gmail.com
65,black,Lamont Smith,lamontsmith@gmail.com
65,asian,Sun Choi,sunchoi@gmail.com
65,hispanic,Fernando Perez,fernandoperez@gmail.com
66,white,Daniel Moore,danielmoore@gmail.com
66,black,Andre Anderson,andreanderson@gmail.com
66,asian,Wei Chen,weichen@gmail.com
66,hispanic,Juan Ortiz,juanortiz@gmail.com
67,white,Robert Davis,robertdavis@gmail.com
67,black,Jamal King,jamalking@gmail.com
67,asian,Sun Lin,sunlin@gmail.com
67,hispanic,Jorge Hernandez,jorgehernandez@gmail.com
68,white,Joseph Jackson,josephjackson@gmail.com
68,black,Malcolm Lewis,malcolmlewis@gmail.com
68,asian,Tuan Wang,tuanwang@gmail.com
68,hispanic,Juan Garcia,juangarcia@gmail.com
69,white,Lisa Davis,lisadavis@gmail.com
69,black,Kiara Davis,kiaradavis@gmail.com
69,asian,Kim Choi,kimchoi@gmail.com
69,hispanic,Fernanda Martinez,fernandamartinez@gmail.com
70,white,Michelle Miller,michellemiller@gmail.com
70,black,Kiana White,kianawhite@gmail.com
70,asian,Soo Chung,soochung@gmail.com
70,hispanic,Gabriela Torres,gabrielatorres@gmail.com
71,white,Matthew Taylor,matthewtaylor@gmail.com
71,black,Dante Thompson,dantethompson@gmail.com
71,asian,Ravi Choi,ravichoi@gmail.com
71,hispanic,Francisco Gomez,franciscogomez@gmail.com
72,white,Jessica Martinez,jessicamartinez@gmail.com
72,black,Lashonda Thompson,lashondathompson@gmail.com
72,asian,Sakura Chen,sakurachen@gmail.com
72,hispanic,Valentina Ortiz,valentinaortiz@gmail.com
73,white,Karen Smith,karensmith@gmail.com
73,black,Imani Smith,imanismith@gmail.com
73,asian,Kim Huynh,kimhuynh@gmail.com
73,hispanic,Viviana Gutierrez,vivianagutierrez@gmail.com
74,white,Nancy Wilson,nancywilson@gmail.com
74,black,Tiana Green,tianagreen@gmail.com
74,asian,Ying Li,yingli@gmail.com
74,hispanic,Natalia Gutierrez,nataliagutierrez@gmail.com
75,white,Kimberly Martinez,kimberlymartinez@gmail.com
75,black,Desiree Taylor,desireetaylor@gmail.com
75,asian,Aisha Liu,aishaliu@gmail.com
75,hispanic,Juliana Gonzalez,julianagonzalez@gmail.com
76,white,Donald Miller,donaldmiller@gmail.com
76,black,Jamal Davis,jamaldavis@gmail.com
76,asian,Ngoc Pham,ngocpham@gmail.com
76,hispanic,Jose Ramos,joseramos@gmail.com
77,white,Patricia Harris,patriciaharris@gmail.com
77,black,Lashonda Lewis,lashondalewis@gmail.com
77,asian,Soo Lin,soolin@gmail.com
77,hispanic,Camila Rodriguez,camilarodriguez@gmail.com
78,white,Donna Brown,donnabrown@gmail.com
78,black,Keisha Smith,keishasmith@gmail.com
78,asian,Hanh Chung,hanhchung@gmail.com
78,hispanic,Juliana Lopez,julianalopez@gmail.com
79,white,John Harris,johnharris@gmail.com
79,black,Tyrone Brown,tyronebrown@gmail.com
79,asian,Li Lee,lilee@gmail.com
79,hispanic,Diego Hernandez,diegohernandez@gmail.com
80,white,Joshua Garcia,joshuagarcia@gmail.com
80,black,Tyrone Davis,tyronedavis@gmail.com
80,asian,Tuan Li,tuanli@gmail.com
80,hispanic,Fernando Rodriguez,fernandorodriguez@gmail.com
81,white,Mark Davis,markdavis@gmail.com
81,black,Terrence Brown,terrencebrown@gmail.com
81,asian,Li Singh,lisingh@gmail.com
81,hispanic,Enrique Martinez,enriquemartinez@gmail.com
82,white,Elizabeth Brown,elizabethbrown@gmail.com
82,black,Shanice Scott,shanicescott@gmail.com
82,asian,Hana Yang,hanayang@gmail.com
82,hispanic,Martina Ortiz,martinaortiz@gmail.com
83,white,Mark Miller,markmiller@gmail.com
83,black,Marquis Green,marquisgreen@gmail.com
83,asian,Ying Kim,yingkim@gmail.com
83,hispanic,Rafael Gonzalez,rafaelgonzalez@gmail.com
84,white,Anthony White,anthonywhite@gmail.com
84,black,Trevon Thomas,trevonthomas@gmail.com
84,asian,Ravi Li,ravili@gmail.com
84,hispanic,Pedro Diaz,pedrodiaz@gmail.com
85,white,Steven Davis,stevendavis@gmail.com
85,black,Maurice Lewis,mauricelewis@gmail.com
85,asian,Jun Wong,junwong@gmail.com
85,hispanic,Carlos Ortiz,carlosortiz@gmail.com
86,white,Betty Moore,bettymoore@gmail.com
86,black,Kiana Thompson,kianathompson@gmail.com
86,asian,Mi Zhang,mizhang@gmail.com
86,hispanic,Andrea Ramirez,andrearamirez@gmail.com
87,white,Donna Martin,donnamartin@gmail.com
87,black,Shanice Green,shanicegreen@gmail.com
87,asian,Trang Huynh,tranghuynh@gmail.com
87,hispanic,Valentina Gonzalez,valentinagonzalez@gmail.com
88,white,Christopher Jackson,christopherjackson@gmail.com
88,black,Darius Johnson,dariusjohnson@gmail.com
88,asian,Ravi Nguyen,ravinguyen@gmail.com
88,hispanic,Pedro Gutierrez,pedrogutierrez@gmail.com
89,white,Mary Martinez,marymartinez@gmail.com
89,black,Lashonda Scott,lashondascott@gmail.com
89,asian,Lina Li,linali@gmail.com
89,hispanic,Natalia Ramirez,nataliaramirez@gmail.com
90,white,Jennifer Brown,jenniferbrown@gmail.com
90,black,Lashonda Green,lashondagreen@gmail.com
90,asian,Li Lee,lilee@gmail.com
90,hispanic,Daniela Martinez,danielamartinez@gmail.com
91,white,Margaret Jackson,margaretjackson@gmail.com
91,black,Jasmine Jones,jasminejones@gmail.com
91,asian,Ying Park,yingpark@gmail.com
91,hispanic,Isabella Rodriguez,isabellarodriguez@gmail.com
92,white,Richard Martinez,richardmartinez@gmail.com
92,black,Tyrone Scott,tyronescott@gmail.com
92,asian,Hao Huang,haohuang@gmail.com
92,hispanic,Fernando Gutierrez,fernandogutierrez@gmail.com
93,white,Karen Anderson,karenanderson@gmail.com
93,black,Tiara Robinson,tiararobinson@gmail.com
93,asian,Ying Nguyen,yingnguyen@gmail.com
93,hispanic,Gabriela Morales,gabrielamorales@gmail.com
94,white,Daniel Harris,danielharris@gmail.com
94,black,Leroy Lewis,leroylewis@gmail.com
94,asian,Li Tran,litran@gmail.com
94,hispanic,Diego Rivera,diegorivera@gmail.com
95,white,Ashley Miller,ashleymiller@gmail.com
95,black,Kiara Brown,kiarabrown@gmail.com
95,asian,Ying Shah,yingshah@gmail.com
95,hispanic,Isabella Ramos,isabellaramos@gmail.com
96,white,Thomas Johnson,thomasjohnson@gmail.com
96,black,Jerome Williams,jeromewilliams@gmail.com
96,asian,Kai Tran,kaitran@gmail.com
96,hispanic,Enrique Rivera,enriquerivera@gmail.com
97,white,Susan Davis,susandavis@gmail.com
97,black,Nia Davis,niadavis@gmail.com
97,asian,Mi Liu,miliu@gmail.com
97,hispanic,Viviana Hernandez,vivianahernandez@gmail.com
98,white,Mark Williams,markwilliams@gmail.com
98,black,Dante Smith,dantesmith@gmail.com
98,asian,Min Chung,minchung@gmail.com
98,hispanic,Mario Rivera,mariorivera@gmail.com
99,white,Charles White,charleswhite@gmail.com
99,black,Leroy Thomas,leroythomas@gmail.com
99,asian,Min Huang,minhuang@gmail.com
99,hispanic,Diego Hernandez,diegohernandez@gmail.com
100,white,Kimberly Martin,kimberlymartin@gmail.com
100,black,Nia Johnson,niajohnson@gmail.com
100,asian,Hanh Liu,hanhliu@gmail.com
100,hispanic,Isabella Cruz,isabellacruz@gmail.com
101,white,Charles Brown,charlesbrown@gmail.com
101,black,Jamal Johnson,jamaljohnson@gmail.com
101,asian,Li Shah,lishah@gmail.com
101,hispanic,Roberto Cruz,robertocruz@gmail.com
102,white,Barbara Miller,barbaramiller@gmail.com
102,black,Tamika Brown,tamikabrown@gmail.com
102,asian,Priya Tran,priyatran@gmail.com
102,hispanic,Andrea Rivera,andrearivera@gmail.com
103,white,Jessica Wilson,jessicawilson@gmail.com
103,black,Keisha Thomas,keishathomas@gmail.com
103,asian,Aya Singh,ayasingh@gmail.com
103,hispanic,Fernanda Garcia,fernandagarcia@gmail.com
104,white,Joseph Thompson,josephthompson@gmail.com
104,black,Malcolm Moore,malcolmmoore@gmail.com
104,asian,Jia Chung,jiachung@gmail.com
104,hispanic,Luis Ramos,luisramos@gmail.com
105,white,Michael Johnson,michaeljohnson@gmail.com
105,black,Maurice Williams,mauricewilliams@gmail.com
105,asian,Wei Wong,weiwong@gmail.com
105,hispanic,Angel Gutierrez,angelgutierrez@gmail.com
106,white,Thomas Thomas,thomasthomas@gmail.com
106,black,Darius Lewis,dariuslewis@gmail.com
106,asian,Ying Tran,yingtran@gmail.com
106,hispanic,Julio Flores,julioflores@gmail.com
107,white,Lisa Davis,lisadavis@gmail.com
107,black,Shanice Harris,shaniceharris@gmail.com
107,asian,Aya Chen,ayachen@gmail.com
107,hispanic,Juliana Lopez,julianalopez@gmail.com
108,white,Jennifer Brown,jenniferbrown@gmail.com
108,black,Raven Jackson,ravenjackson@gmail.com
108,asian,Yumi Pham,yumipham@gmail.com
108,hispanic,Fernanda Lopez,fernandalopez@gmail.com
109,white,Daniel Harris,danielharris@gmail.com
109,black,Jamal King,jamalking@gmail.com
109,asian,Sun Yang,sunyang@gmail.com
109,hispanic,Fernando Morales,fernandomorales@gmail.com
110,white,Ashley White,ashleywhite@gmail.com
110,black,Ayanna King,ayannaking@gmail.com
110,asian,Yumi Pham,yumipham@gmail.com
110,hispanic,Viviana Rivera,vivianarivera@gmail.com
111,white,Charles Anderson,charlesanderson@gmail.com
111,black,Trevon King,trevonking@gmail.com
111,asian,Jia Huang,jiahuang@gmail.com
111,hispanic,Eduardo Torres,eduardotorres@gmail.com
112,white,Richard Jackson,richardjackson@gmail.com
112,black,DeShawn Scott,deshawnscott@gmail.com
112,asian,Min Tran,mintran@gmail.com
112,hispanic,Mario Rodriguez,mariorodriguez@gmail.com
113,white,Kimberly Garcia,kimberlygarcia@gmail.com
113,black,Lashonda Taylor,lashondataylor@gmail.com
113,asian,Aisha Huynh,aishahuynh@gmail.com
113,hispanic,Ariana Flores,arianaflores@gmail.com
114,white,Steven Davis,stevendavis@gmail.com
114,black,Jamal Anderson,jamalanderson@gmail.com
114,asian,Ravi Li,ravili@gmail.com
114,hispanic,Julio Gomez,juliogomez@gmail.com
115,white,Paul Thomas,paulthomas@gmail.com
115,black,Darnell Thompson,darnellthompson@gmail.com
115,asian,Tran Yang,tranyang@gmail.com
115,hispanic,Roberto Ramos,robertoramos@gmail.com
116,white,Matthew Harris,matthewharris@gmail.com
116,black,Lamont Johnson,lamontjohnson@gmail.com
116,asian,Wei Kim,weikim@gmail.com
116,hispanic,Julio Morales,juliomorales@gmail.com
117,white,Sarah Thomas,sarahthomas@gmail.com
117,black,Lashonda Harris,lashondaharris@gmail.com
117,asian,An Liu,anliu@gmail.com
117,hispanic,Maria Rivera,mariarivera@gmail.com
118,white,Anthony Anderson,anthonyanderson@gmail.com
118,black,Darius Jones,dariusjones@gmail.com
118,asian,Ying Singh,yingsingh@gmail.com
118,hispanic,Francisco Diaz,franciscodiaz@gmail.com
119,white,Linda Garcia,lindagarcia@gmail.com
119,black,Jasmine Anderson,jasmineanderson@gmail.com
119,asian,Wei Lin,weilin@gmail.com
119,hispanic,Victoria Martinez,victoriamartinez@gmail.com
120,white,David Thompson,davidthompson@gmail.com
120,black,Cedric Walker,cedricwalker@gmail.com
120,asian,Ngoc Yang,ngocyang@gmail.com
120,hispanic,Francisco Ortiz,franciscoortiz@gmail.com
121,white,Sandra Jones,sandrajones@gmail.com
121,black,Nia Davis,niadavis@gmail.com
121,asian,An Lin,anlin@gmail.com
121,hispanic,Andrea Perez,andreaperez@gmail.com
122,white,James Martinez,jamesmartinez@gmail.com
122,black,Andre Moore,andremoore@gmail.com
122,asian,Ying Chung,yingchung@gmail.com
122,hispanic,Rafael Diaz,rafaeldiaz@gmail.com
123,white,Ashley Wilson,ashleywilson@gmail.com
123,black,Desiree Brown,desireebrown@gmail.com
123,asian,Trang Wong,trangwong@gmail.com
123,hispanic,Fernanda Martinez,fernandamartinez@gmail.com
124,white,Andrew Miller,andrewmiller@gmail.com
124,black,Rashad White,rashadwhite@gmail.com
124,asian,Arjun Lee,arjunlee@gmail.com
124,hispanic,Carlos Ramos,carlosramos@gmail.com
125,white,Sarah White,sarahwhite@gmail.com
125,black,Tiara Smith,tiarasmith@gmail.com
125,asian,Priya Kim,priyakim@gmail.com
125,hispanic,Victoria Flores,victoriaflores@gmail.com
126,white,Richard Wilson,richardwilson@gmail.com
126,black,Dante Jones,dantejones@gmail.com
126,asian,Anh Choi,anhchoi@gmail.com
126,hispanic,Fernando Rodriguez,fernandorodriguez@gmail.com
127,white,Thomas Martin,thomasmartin@gmail.com
127,black,Dante Robinson,danterobinson@gmail.com
127,asian,Kai Yang,kaiyang@gmail.com
127,hispanic,Jorge Lopez,jorgelopez@gmail.com
128,white,Sandra Brown,sandrabrown@gmail.com
128,black,Tanisha Moore,tanishamoore@gmail.com
128,asian,Mina Lee,minalee@gmail.com
128,hispanic,Sofia Gomez,sofiagomez@gmail.com
129,white,Joseph Johnson,josephjohnson@gmail.com
129,black,Lamont Thompson,lamontthompson@gmail.com
129,asian,Raj Shah,rajshah@gmail.com
129,hispanic,Luis Morales,luismorales@gmail.com
130,white,Joseph Moore,josephmoore@gmail.com
130,black,Leroy Taylor,leroytaylor@gmail.com
130,asian,Hao Pham,haopham@gmail.com
130,hispanic,Roberto Sanchez,robertosanchez@gmail.com
131,white,Steven Miller,stevenmiller@gmail.com
131,black,Terrence White,terrencewhite@gmail.com
131,asian,Sun Huynh,sunhuynh@gmail.com
131,hispanic,Rafael Garcia,rafaelgarcia@gmail.com
132,white,Karen Anderson,karenanderson@gmail.com
132,black,Lashonda White,lashondawhite@gmail.com
132,asian,Yumi Chen,yumichen@gmail.com
132,hispanic,Gabriela Gomez,gabrielagomez@gmail.com
133,white,Matthew Robinson,matthewrobinson@gmail.com
133,black,Jamal Jones,jamaljones@gmail.com
133,asian,Li Li,lili@gmail.com
133,hispanic,Miguel Lopez,miguellopez@gmail.com
134,white,Betty Wilson,bettywilson@gmail.com
134,black,Lashonda Green,lashondagreen@gmail.com
134,asian,Lina Park,linapark@gmail.com
134,hispanic,Fernanda Flores,fernandaflores@gmail.com
135,white,Sarah Miller,sarahmiller@gmail.com
135,black,Raven Davis,ravendavis@gmail.com
135,asian,Yuna Huynh,yunahuynh@gmail.com
135,hispanic,Andrea Gutierrez,andreagutierrez@gmail.com
136,white,Thomas Davis,thomasdavis@gmail.com
136,black,Kareem Thompson,kareemthompson@gmail.com
136,asian,Arjun Zhang,arjunzhang@gmail.com
136,hispanic,Ricardo Ramos,ricardoramos@gmail.com
137,white,Barbara Moore,barbaramoore@gmail.com
137,black,Ayanna Robinson,ayannarobinson@gmail.com
137,asian,Aisha Nguyen,aishanguyen@gmail.com
137,hispanic,Sofia Reyes,sofiareyes@gmail.com
138,white,Michael Johnson,michaeljohnson@gmail.com
138,black,Rashad Taylor,rashadtaylor@gmail.com
138,asian,Chen Park,chenpark@gmail.com
138,hispanic,Julio Flores,julioflores@gmail.com
139,white,Thomas Miller,thomasmiller@gmail.com
139,black,Maurice Jones,mauricejones@gmail.com
139,asian,Min Chen,minchen@gmail.com
139,hispanic,Jorge Hernandez,jorgehernandez@gmail.com
140,white,Thomas Martinez,thomasmartinez@gmail.com
140,black,Jamal Scott,jamalscott@gmail.com
140,asian,Jun Kim,junkim@gmail.com
140,hispanic,Julio Ramos,julioramos@gmail.com
141,white,Christopher Wilson,christopherwilson@gmail.com
141,black,Leroy Harris,leroyharris@gmail.com
141,asian,Kai Wong,kaiwong@gmail.com
141,hispanic,Juan Diaz,juandiaz@gmail.com
142,white,Anthony Thompson,anthonythompson@gmail.com
142,black,Andre Davis,andredavis@gmail.com
142,asian,Hao Nguyen,haonguyen@gmail.com
142,hispanic,Rafael Rodriguez,rafaelrodriguez@gmail.com
143,white,Joseph Jones,josephjones@gmail.com
143,black,Marquis Davis,marquisdavis@gmail.com
143,asian,Ravi Park,ravipark@gmail.com
143,hispanic,Jose Reyes,josereyes@gmail.com
144,white,Karen Jones,karenjones@gmail.com
144,black,Kiara White,kiarawhite@gmail.com
144,asian,Mi Wong,miwong@gmail.com
144,hispanic,Natalia Lopez,natalialopez@gmail.com
145,white,Mary Taylor,marytaylor@gmail.com
145,black,Shanice Davis,shanicedavis@gmail.com
145,asian,Priya Lin,priyalin@gmail.com
145,hispanic,Natalia Perez,nataliaperez@gmail.com
146,white,Michelle Thomas,michellethomas@gmail.com
146,black,Lashonda Smith,lashondasmith@gmail.com
146,asian,Mina Zhang,minazhang@gmail.com
146,hispanic,Alejandra Gonzalez,alejandragonzalez@gmail.com
147,white,John Martinez,johnmartinez@gmail.com
147,black,Jerome Green,jeromegreen@gmail.com
147,asian,Hao Huynh,haohuynh@gmail.com
147,hispanic,Mario Morales,mariomorales@gmail.com
148,white,Steven Robinson,stevenrobinson@gmail.com
148,black,Jerome Johnson,jeromejohnson@gmail.com
148,asian,Kai Wong,kaiwong@gmail.com
148,hispanic,Miguel Lopez,miguellopez@gmail.com
149,white,Betty Robinson,bettyrobinson@gmail.com
149,black,Tiara Scott,tiarascott@gmail.com
149,asian,Wei Zhang,weizhang@gmail.com
149,hispanic,Sofia Cruz,sofiacruz@gmail.com
150,white,Michelle Jackson,michellejackson@gmail.com
150,black,Aaliyah Anderson,aaliyahanderson@gmail.com
150,asian,Soo Li,sooli@gmail.com
150,hispanic,Valentina Gutierrez,valentinagutierrez@gmail.com
151,white,Matthew Miller,matthewmiller@gmail.com
151,black,Leroy Thompson,leroythompson@gmail.com
151,asian,Min Lee,minlee@gmail.com
151,hispanic,Roberto Perez,robertoperez@gmail.com
152,white,Andrew Martinez,andrewmartinez@gmail.com
152,black,Maurice Robinson,mauricerobinson@gmail.com
152,asian,Sun Nguyen,sunnguyen@gmail.com
152,hispanic,Enrique Martinez,enriquemartinez@gmail.com
153,white,Joseph White,josephwhite@gmail.com
153,black,Leroy Lewis,leroylewis@gmail.com
153,asian,Chen Wang,chenwang@gmail.com
153,hispanic,Diego Reyes,diegoreyes@gmail.com
154,white,Emily White,emilywhite@gmail.com
154,black,Nia Thompson,niathompson@gmail.com
154,asian,Priya Huynh,priyahuynh@gmail.com
154,hispanic,Ariana Torres,arianatorres@gmail.com
155,white,Charles Martinez,charlesmartinez@gmail.com
155,black,Darnell Moore,darnellmoore@gmail.com
155,asian,Raj Pham,rajpham@gmail.com
155,hispanic,Mario Diaz,mariodiaz@gmail.com
156,white,Anthony Martin,anthonymartin@gmail.com
156,black,Marquis King,marquisking@gmail.com
156,asian,Kai Zhang,kaizhang@gmail.com
156,hispanic,Alejandro Reyes,alejandroreyes@gmail.com
157,white,Michelle Williams,michellewilliams@gmail.com
157,black,Monique Scott,moniquescott@gmail.com
157,asian,Wei Wong,weiwong@gmail.com
157,hispanic,Viviana Sanchez,vivianasanchez@gmail.com
158,white,David Johnson,davidjohnson@gmail.com
158,black,Maurice Scott,mauricescott@gmail.com
158,asian,Jia Liu,jialiu@gmail.com
158,hispanic,Jorge Sanchez,jorgesanchez@gmail.com
159,white,Sandra Thomas,sandrathomas@gmail.com
159,black,Imani Brown,imanibrown@gmail.com
159,asian,Kim Shah,kimshah@gmail.com
159,hispanic,Paola Rivera,paolarivera@gmail.com
160,white,Betty Martinez,bettymartinez@gmail.com
160,black,Zaria Thompson,zariathompson@gmail.com
160,asian,Ying Park,yingpark@gmail.com
160,hispanic,Valentina Morales,valentinamorales@gmail.com
161,white,Donna Thompson,donnathompson@gmail.com
161,black,Keisha White,keishawhite@gmail.com
161,asian,Mei Choi,meichoi@gmail.com
161,hispanic,Fernanda Rivera,fernandarivera@gmail.com
162,white,Michelle Anderson,michelleanderson@gmail.com
162,black,Zaria Anderson,zariaanderson@gmail.com
162,asian,Jia Li,jiali@gmail.com
162,hispanic,Isabella Flores,isabellaflores@gmail.com
163,white,Ashley White,ashleywhite@gmail.com
163,black,Latoya Green,latoyagreen@gmail.com
163,asian,Hana Choi,hanachoi@gmail.com
163,hispanic,Gabriela Gomez,gabrielagomez@gmail.com
164,white,Elizabeth Brown,elizabethbrown@gmail.com
164,black,Keisha Brown,keishabrown@gmail.com
164,asian,Hana Liu,hanaliu@gmail.com
164,hispanic,Martina Ortiz,martinaortiz@gmail.com
165,white,James Smith,jamessmith@gmail.com
165,black,Malcolm Jackson,malcolmjackson@gmail.com
165,asian,Li Kim,likim@gmail.com
165,hispanic,Eduardo Ramos,eduardoramos@gmail.com
166,white,Donald Thompson,donaldthompson@gmail.com
166,black,Tyrone Taylor,tyronetaylor@gmail.com
166,asian,Ngoc Choi,ngocchoi@gmail.com
166,hispanic,Manuel Torres,manueltorres@gmail.com
167,white,Charles Smith,charlessmith@gmail.com
167,black,Leroy Scott,leroyscott@gmail.com
167,asian,Min Wang,minwang@gmail.com
167,hispanic,Luis Hernandez,luishernandez@gmail.com
168,white,Nancy Davis,nancydavis@gmail.com
168,black,Jasmine Anderson,jasmineanderson@gmail.com
168,asian,Mi Huang,mihuang@gmail.com
168,hispanic,Carolina Rivera,carolinarivera@gmail.com
169,white,Kimberly Martinez,kimberlymartinez@gmail.com
169,black,Zaria Scott,zariascott@gmail.com
169,asian,Yumi Lee,yumilee@gmail.com
169,hispanic,Paola Ramirez,paolaramirez@gmail.com
170,white,Joshua Thomas,joshuathomas@gmail.com
170,black,Tyrone Robinson,tyronerobinson@gmail.com
170,asian,Jia Yang,jiayang@gmail.com
170,hispanic,Diego Martinez,diegomartinez@gmail.com
171,white,Mark Davis,markdavis@gmail.com
171,black,Jerome Walker,jeromewalker@gmail.com
171,asian,Liu Yang,liuyang@gmail.com
171,hispanic,Pedro Gutierrez,pedrogutierrez@gmail.com
172,white,David Brown,davidbrown@gmail.com
172,black,Kareem Thompson,kareemthompson@gmail.com
172,asian,Arjun Lee,arjunlee@gmail.com
172,hispanic,Francisco Martinez,franciscomartinez@gmail.com
173,white,Patricia Taylor,patriciataylor@gmail.com
173,black,Shanice Walker,shanicewalker@gmail.com
173,asian,Wei Choi,weichoi@gmail.com
173,hispanic,Gabriela Morales,gabrielamorales@gmail.com
174,white,Steven Martin,stevenmartin@gmail.com
174,black,Trevon Johnson,trevonjohnson@gmail.com
174,asian,Liu Lin,liulin@gmail.com
174,hispanic,Julio Rodriguez,juliorodriguez@gmail.com
175,white,Ashley Moore,ashleymoore@gmail.com
175,black,Tiana Brown,tianabrown@gmail.com
175,asian,Jia Singh,jiasingh@gmail.com
175,hispanic,Gabriela Flores,gabrielaflores@gmail.com
176,white,Donald Robinson,donaldrobinson@gmail.com
176,black,Marquis Thompson,marquisthompson@gmail.com
176,asian,Ying Lee,yinglee@gmail.com
176,hispanic,Alejandro Gonzalez,alejandrogonzalez@gmail.com
177,white,James Martinez,jamesmartinez@gmail.com
177,black,Leroy Moore,leroymoore@gmail.com
177,asian,Jun Choi,junchoi@gmail.com
177,hispanic,Eduardo Lopez,eduardolopez@gmail.com
178,white,Sandra Jackson,sandrajackson@gmail.com
178,black,Imani Green,imanigreen@gmail.com
178,asian,Aya Pham,ayapham@gmail.com
178,hispanic,Valentina Gomez,valentinagomez@gmail.com
179,white,Betty Wilson,bettywilson@gmail.com
179,black,Tanisha Johnson,tanishajohnson@gmail.com
179,asian,Li Kim,likim@gmail.com
179,hispanic,Carolina Gonzalez,carolinagonzalez@gmail.com
180,white,David Garcia,davidgarcia@gmail.com
180,black,Andre Williams,andrewilliams@gmail.com
180,asian,Kai Pham,kaipham@gmail.com
180,hispanic,Juan Hernandez,juanhernandez@gmail.com
181,white,Donna White,donnawhite@gmail.com
181,black,Nia Williams,niawilliams@gmail.com
181,asian,Yuna Park,yunapark@gmail.com
181,hispanic,Viviana Gonzalez,vivianagonzalez@gmail.com
182,white,Sandra White,sandrawhite@gmail.com
182,black,Jasmine Taylor,jasminetaylor@gmail.com
182,asian,Aisha Wong,aishawong@gmail.com
182,hispanic,Sofia Cruz,sofiacruz@gmail.com
183,white,Mary Thomas,marythomas@gmail.com
183,black,Keisha Walker,keishawalker@gmail.com
183,asian,Aisha Chen,aishachen@gmail.com
183,hispanic,Victoria Rodriguez,victoriarodriguez@gmail.com
184,white,Anthony Davis,anthonydavis@gmail.com
184,black,Tyrone Lewis,tyronelewis@gmail.com
184,asian,Wei Shah,weishah@gmail.com
184,hispanic,Julio Reyes,julioreyes@gmail.com
185,white,Emily Jones,emilyjones@gmail.com
185,black,Latoya Scott,latoyascott@gmail.com
185,asian,An Kim,ankim@gmail.com
185,hispanic,Valentina Ortiz,valentinaortiz@gmail.com
186,white,Joshua Brown,joshuabrown@gmail.com
186,black,Andre Smith,andresmith@gmail.com
186,asian,Raj Lee,rajlee@gmail.com
186,hispanic,Jorge Garcia,jorgegarcia@gmail.com
187,white,Andrew Robinson,andrewrobinson@gmail.com
187,black,Lamont Green,lamontgreen@gmail.com
187,asian,Anh Pham,anhpham@gmail.com
187,hispanic,Rafael Flores,rafaelflores@gmail.com
188,white,Elizabeth Thomas,elizabeththomas@gmail.com
188,black,Imani Walker,imaniwalker@gmail.com
188,asian,Hana Huynh,hanahuynh@gmail.com
188,hispanic,Lucia Diaz,luciadiaz@gmail.com
189,white,Joseph Taylor,josephtaylor@gmail.com
189,black,Cedric Robinson,cedricrobinson@gmail.com
189,asian,Arjun Huynh,arjunhuynh@gmail.com
189,hispanic,Enrique Rodriguez,enriquerodriguez@gmail.com
190,white,Charles Smith,charlessmith@gmail.com
190,black,Tremayne Brown,tremaynebrown@gmail.com
190,asian,Jun Tran,juntran@gmail.com
190,hispanic,Mario Hernandez,mariohernandez@gmail.com
191,white,Daniel Martin,danielmartin@gmail.com
191,black,Lamont Moore,lamontmoore@gmail.com
191,asian,Sun Chen,sunchen@gmail.com
191,hispanic,Francisco Rivera,franciscorivera@gmail.com
192,white,Robert Robinson,robertrobinson@gmail.com
192,black,DeShawn White,deshawnwhite@gmail.com
192,asian,Jun Huynh,junhuynh@gmail.com
192,hispanic,Jose Hernandez,josehernandez@gmail.com
193,white,Joseph Smith,josephsmith@gmail.com
193,black,Malcolm Walker,malcolmwalker@gmail.com
193,asian,Tran Lin,tranlin@gmail.com
193,hispanic,Ricardo Ramirez,ricardoramirez@gmail.com
194,white,William Williams,williamwilliams@gmail.com
194,black,Leroy Johnson,leroyjohnson@gmail.com
194,asian,Tran Chen,tranchen@gmail.com
194,hispanic,Diego Ortiz,diegoortiz@gmail.com
195,white,Jessica Thompson,jessicathompson@gmail.com
195,black,Jasmine Davis,jasminedavis@gmail.com
195,asian,Jia Shah,jiashah@gmail.com
195,hispanic,Natalia Ramos,nataliaramos@gmail.com
196,white,Daniel Martin,danielmartin@gmail.com
196,black,Jamal Johnson,jamaljohnson@gmail.com
196,asian,Min Singh,minsingh@gmail.com
196,hispanic,Eduardo Cruz,eduardocruz@gmail.com
197,white,John Moore,johnmoore@gmail.com
197,black,Andre Scott,andrescott@gmail.com
197,asian,Tuan Wang,tuanwang@gmail.com
197,hispanic,Enrique Sanchez,enriquesanchez@gmail.com
198,white,Michael Wilson,michaelwilson@gmail.com
198,black,Malik Jackson,malikjackson@gmail.com
198,asian,Liu Huang,liuhuang@gmail.com
198,hispanic,Francisco Morales,franciscomorales@gmail.com
199,white,Nancy Williams,nancywilliams@gmail.com
199,black,Lashonda Scott,lashondascott@gmail.com
199,asian,Mei Shah,meishah@gmail.com
199,hispanic,Camila Cruz,camilacruz@gmail.com
200,white,Robert Thompson,robertthompson@gmail.com
200,black,Cedric Jones,cedricjones@gmail.com
200,asian,Ying Huang,yinghuang@gmail.com
200,hispanic,Luis Perez,luisperez@gmail.com
201,white,Joshua Jackson,joshuajackson@gmail.com
201,black,DeShawn King,deshawnking@gmail.com
201,asian,Arjun Choi,arjunchoi@gmail.com
201,hispanic,Ricardo Martinez,ricardomartinez@gmail.com
202,white,Paul Thompson,paulthompson@gmail.com
202,black,Leroy Brown,leroybrown@gmail.com
202,asian,Hao Lin,haolin@gmail.com
202,hispanic,Diego Ortiz,diegoortiz@gmail.com
203,white,Donald Thomas,donaldthomas@gmail.com
203,black,Dante Smith,dantesmith@gmail.com
203,asian,Raj Lin,rajlin@gmail.com
203,hispanic,Luis Lopez,luislopez@gmail.com
204,white,Jessica Moore,jessicamoore@gmail.com
204,black,Tamika Anderson,tamikaanderson@gmail.com
204,asian,Hanh Liu,hanhliu@gmail.com
204,hispanic,Andrea Rivera,andrearivera@gmail.com
205,white,Michael Anderson,michaelanderson@gmail.com
205,black,Marquis Harris,marquisharris@gmail.com
205,asian,Raj Lee,rajlee@gmail.com
205,hispanic,Jorge Flores,jorgeflores@gmail.com
206,white,James White,jameswhite@gmail.com
206,black,Jerome Taylor,jerometaylor@gmail.com
206,asian,Jun Kim,junkim@gmail.com
206,hispanic,Eduardo Ortiz,eduardoortiz@gmail.com
207,white,Emily Johnson,emilyjohnson@gmail.com
207,black,Kiara Brown,kiarabrown@gmail.com
207,asian,Mei Lee,meilee@gmail.com
207,hispanic,Sofia Martinez,sofiamartinez@gmail.com
208,white,James Thomas,jamesthomas@gmail.com
208,black,Terrence Johnson,terrencejohnson@gmail.com
208,asian,Raj Kim,rajkim@gmail.com
208,hispanic,Carlos Garcia,carlosgarcia@gmail.com
209,white,Lisa Davis,lisadavis@gmail.com
209,black,Kiara Green,kiaragreen@gmail.com
209,asian,Li Liu,liliu@gmail.com
209,hispanic,Maria Rivera,mariarivera@gmail.com
210,white,Donna Taylor,donnataylor@gmail.com
210,black,Raven Robinson,ravenrobinson@gmail.com
210,asian,Trang Lin,tranglin@gmail.com
210,hispanic,Lucia Cruz,luciacruz@gmail.com
211,white,Ashley Robinson,ashleyrobinson@gmail.com
211,black,Imani Thomas,imanithomas@gmail.com
211,asian,Wei Chung,weichung@gmail.com
211,hispanic,Victoria Lopez,victorialopez@gmail.com
212,white,Michael Johnson,michaeljohnson@gmail.com
212,black,Tyrone Thomas,tyronethomas@gmail.com
212,asian,Raj Huang,rajhuang@gmail.com
212,hispanic,Roberto Cruz,robertocruz@gmail.com
213,white,Karen Jackson,karenjackson@gmail.com
213,black,Monique Taylor,moniquetaylor@gmail.com
213,asian,Aya Li,ayali@gmail.com
213,hispanic,Daniela Martinez,danielamartinez@gmail.com
214,white,Mark Davis,markdavis@gmail.com
214,black,Jerome Smith,jeromesmith@gmail.com
214,asian,Ngoc Singh,ngocsingh@gmail.com
214,hispanic,Diego Martinez,diegomartinez@gmail.com
215,white,Linda Garcia,lindagarcia@gmail.com
215,black,Latoya Williams,latoyawilliams@gmail.com
215,asian,Trang Liu,trangliu@gmail.com
215,hispanic,Camila Gomez,camilagomez@gmail.com
216,white,Susan Taylor,susantaylor@gmail.com
216,black,Shanice Brown,shanicebrown@gmail.com
216,asian,Ying Choi,yingchoi@gmail.com
216,hispanic,Sofia Reyes,sofiareyes@gmail.com
217,white,Daniel Jones,danieljones@gmail.com
217,black,Tyrone Jones,tyronejones@gmail.com
217,asian,Kai Li,kaili@gmail.com
217,hispanic,Jorge Martinez,jorgemartinez@gmail.com
218,white,Thomas Thomas,thomasthomas@gmail.com
218,black,Jamal Williams,jamalwilliams@gmail.com
218,asian,Jin Choi,jinchoi@gmail.com
218,hispanic,Jorge Ramirez,jorgeramirez@gmail.com
219,white,Lisa White,lisawhite@gmail.com
219,black,Tiara Thompson,tiarathompson@gmail.com
219,asian,Soo Singh,soosingh@gmail.com
219,hispanic,Ximena Rivera,ximenarivera@gmail.com
220,white,Steven Taylor,steventaylor@gmail.com
220,black,Lamont Thompson,lamontthompson@gmail.com
220,asian,Tran Nguyen,trannguyen@gmail.com
220,hispanic,Rafael Ramirez,rafaelramirez@gmail.com
221,white,Nancy Anderson,nancyanderson@gmail.com
221,black,Latoya King,latoyaking@gmail.com
221,asian,Aya Huynh,ayahuynh@gmail.com
221,hispanic,Lucia Ramirez,luciaramirez@gmail.com
222,white,Anthony Jackson,anthonyjackson@gmail.com
222,black,Rashad White,rashadwhite@gmail.com
222,asian,Amit Tran,amittran@gmail.com
222,hispanic,Ricardo Gonzalez,ricardogonzalez@gmail.com
223,white,Emily Harris,emilyharris@gmail.com
223,black,Raven Green,ravengreen@gmail.com
223,asian,Soo Liu,sooliu@gmail.com
223,hispanic,Valentina Gonzalez,valentinagonzalez@gmail.com
224,white,Joshua Jackson,joshuajackson@gmail.com
224,black,Dante Williams,dantewilliams@gmail.com
224,asian,Hao Zhang,haozhang@gmail.com
224,hispanic,Carlos Ramirez,carlosramirez@gmail.com
225,white,Donna Wilson,donnawilson@gmail.com
225,black,Jasmine Moore,jasminemoore@gmail.com
225,asian,Mina Wang,minawang@gmail.com
225,hispanic,Valentina Reyes,valentinareyes@gmail.com
226,white,Paul Jackson,pauljackson@gmail.com
226,black,DeShawn Brown,deshawnbrown@gmail.com
226,asian,Min Kim,minkim@gmail.com
226,hispanic,Enrique Torres,enriquetorres@gmail.com
227,white,Michelle Johnson,michellejohnson@gmail.com
227,black,Lashonda Harris,lashondaharris@gmail.com
227,asian,Jia Chung,jiachung@gmail.com
227,hispanic,Carolina Perez,carolinaperez@gmail.com
228,white,Richard Davis,richarddavis@gmail.com
228,black,Andre Lewis,andrelewis@gmail.com
228,asian,Raj Chung,rajchung@gmail.com
228,hispanic,Luis Garcia,luisgarcia@gmail.com
229,white,Sandra Jackson,sandrajackson@gmail.com
229,black,Aaliyah Brown,aaliyahbrown@gmail.com
229,asian,Yumi Wong,yumiwong@gmail.com
229,hispanic,Sofia Cruz,sofiacruz@gmail.com
230,white,Anthony Taylor,anthonytaylor@gmail.com
230,black,Tyrone Brown,tyronebrown@gmail.com
230,asian,Ngoc Shah,ngocshah@gmail.com
230,hispanic,Ricardo Sanchez,ricardosanchez@gmail.com
231,white,Emily Smith,emilysmith@gmail.com
231,black,Zaria White,zariawhite@gmail.com
231,asian,An Huang,anhuang@gmail.com
231,hispanic,Carolina Hernandez,carolinahernandez@gmail.com
232,white,Matthew Jones,matthewjones@gmail.com
232,black,Leroy Jones,leroyjones@gmail.com
232,asian,Ying Pham,yingpham@gmail.com
232,hispanic,Julio Gonzalez,juliogonzalez@gmail.com
233,white,Christopher Harris,christopherharris@gmail.com
233,black,Kareem Brown,kareembrown@gmail.com
233,asian,Min Lin,minlin@gmail.com
233,hispanic,Carlos Ramos,carlosramos@gmail.com
234,white,Susan Taylor,susantaylor@gmail.com
234,black,Tiana Johnson,tianajohnson@gmail.com
234,asian,Sakura Singh,sakurasingh@gmail.com
234,hispanic,Viviana Rivera,vivianarivera@gmail.com
235,white,Elizabeth Jackson,elizabethjackson@gmail.com
235,black,Keisha Anderson,keishaanderson@gmail.com
235,asian,Sakura Li,sakurali@gmail.com
235,hispanic,Alejandra Cruz,alejandracruz@gmail.com
236,white,Lisa Martin,lisamartin@gmail.com
236,black,Desiree Green,desireegreen@gmail.com
236,asian,Li Huang,lihuang@gmail.com
236,hispanic,Fernanda Hernandez,fernandahernandez@gmail.com
237,white,Elizabeth Jackson,elizabethjackson@gmail.com
237,black,Ayanna Thompson,ayannathompson@gmail.com
237,asian,Hanh Chung,hanhchung@gmail.com
237,hispanic,Alejandra Rodriguez,alejandrarodriguez@gmail.com
238,white,Daniel Moore,danielmoore@gmail.com
238,black,Darius King,dariusking@gmail.com
238,asian,Tuan Singh,tuansingh@gmail.com
238,hispanic,Ricardo Gutierrez,ricardogutierrez@gmail.com
239,white,Donald Wilson,donaldwilson@gmail.com
239,black,Marquis Green,marquisgreen@gmail.com
239,asian,Hao Chen,haochen@gmail.com
239,hispanic,Diego Ortiz,diegoortiz@gmail.com
240,white,Susan Miller,susanmiller@gmail.com
240,black,Aaliyah Thomas,aaliyahthomas@gmail.com
240,asian,Lina Zhang,linazhang@gmail.com
240,hispanic,Carolina Gonzalez,carolinagonzalez@gmail.com
241,white,Jessica Brown,jessicabrown@gmail.com
241,black,Kiana Taylor,kianataylor@gmail.com
241,asian,Ying Zhang,yingzhang@gmail.com
241,hispanic,Viviana Gomez,vivianagomez@gmail.com
242,white,Emily Smith,emilysmith@gmail.com
242,black,Lashonda Anderson,lashondaanderson@gmail.com
242,asian,Trang Chung,trangchung@gmail.com
242,hispanic,Sofia Torres,sofiatorres@gmail.com
243,white,Kimberly Johnson,kimberlyjohnson@gmail.com
243,black,Lashonda Moore,lashondamoore@gmail.com
243,asian,Aisha Kim,aishakim@gmail.com
243,hispanic,Sofia Martinez,sofiamartinez@gmail.com
244,white,Joshua Thomas,joshuathomas@gmail.com
244,black,Rashad Harris,rashadharris@gmail.com
244,asian,Hao Lin,haolin@gmail.com
244,hispanic,Ricardo Gonzalez,ricardogonzalez@gmail.com
245,white,Joseph Jackson,josephjackson@gmail.com
245,black,Lamont Williams,lamontwilliams@gmail.com
245,asian,Sun Pham,sunpham@gmail.com
245,hispanic,Pedro Rivera,pedrorivera@gmail.com
246,white,Paul Garcia,paulgarcia@gmail.com
246,black,Malcolm Johnson,malcolmjohnson@gmail.com
246,asian,Hao Huynh,haohuynh@gmail.com
246,hispanic,Roberto Gonzalez,robertogonzalez@gmail.com
247,white,David Martin,davidmartin@gmail.com
247,black,Leroy King,leroyking@gmail.com
247,asian,Tuan Huynh,tuanhuynh@gmail.com
247,hispanic,Eduardo Perez,eduardoperez@gmail.com
248,white,Barbara Smith,barbarasmith@gmail.com
248,black,Tanisha Walker,tanishawalker@gmail.com
248,asian,Yuna Liu,yunaliu@gmail.com
248,hispanic,Maria Gutierrez,mariagutierrez@gmail.com
249,white,Joseph Smith,josephsmith@gmail.com
249,black,Marquis Lewis,marquislewis@gmail.com
249,asian,Tran Li,tranli@gmail.com
249,hispanic,Manuel Diaz,manueldiaz@gmail.com
